Timestamp,What is it?,What is it?,What is it?,What is it?,What is it?,What is it?
1/13/2022 8:35:56,all up hill,punch and drive,learn japanese online,chainsaw massacre,sad human internal organs,gone shopping for a zebra
1/13/2022 18:39:35,sad seed sower,punch and drive,ball playing triplets,chainsaw massacre,sad human internal organs,pet store anteater
1/14/2022 1:23:16,all up hill,punch and drive,sports montage,death by leaf blower,badly explained climate change theory,shopping weevil
1/18/2022 7:14:30,all up hill,punch and drive,sports montage,chainsaw massacre,sad human internal organs,shopping weevil
1/18/2022 8:45:53,following breadcrumbs,hostile takeover,sports montage,death by leaf blower,meat sweats,gone shopping for a zebra
1/18/2022 9:02:22,sad seed sower,punch and drive,ball playing triplets,chainsaw massacre,badly explained climate change theory,pet store anteater
1/18/2022 9:10:56,all up hill,fighting cars,ball becomes child,ted bundy's banjo,australian sheep love drumsticks,mad grocery bagger
1/18/2022 9:16:20,sad seed sower,fight to be last,ball playing triplets,poisoned guitar,australian sheep love drumsticks,shopping weevil
1/18/2022 9:29:10,following breadcrumbs,fighting cars,ball playing triplets,death by leaf blower,badly explained climate change theory,gone shopping for a zebra
1/18/2022 9:44:23,walk of shame,hostile takeover,sports montage,chainsaw massacre,meat sweats,gone shopping for a zebra
1/18/2022 10:10:56,sad seed sower,hostile takeover,ball playing triplets,poisoned guitar,meat sweats,gone shopping for a zebra
1/18/2022 10:36:31,following breadcrumbs,hostile takeover,sports montage,chainsaw massacre,meat sweats,shopping weevil
1/18/2022 13:18:30,following breadcrumbs,fight to be last,sports montage,chainsaw massacre,meat sweats,shopping weevil
1/18/2022 13:38:22,following breadcrumbs,punch and drive,sports montage,chainsaw massacre,meat sweats,shopping weevil
1/18/2022 13:42:17,following breadcrumbs,punch and drive,ball becomes child,chainsaw massacre,badly explained climate change theory,pet store anteater
1/18/2022 13:44:21,following breadcrumbs,fighting cars,ball playing triplets,chainsaw massacre,raining dogs up and down,shopping weevil
1/18/2022 13:45:41,all up hill,punch and drive,sports montage,man with gun,badly explained climate change theory,shopping weevil
1/18/2022 13:47:35,following breadcrumbs,hostile takeover,sports montage,death by leaf blower,badly explained climate change theory,gone shopping for a zebra
1/18/2022 13:55:45,following breadcrumbs,hostile takeover,"whatever it is, i love it",chainsaw massacre,raining dogs up and down,pet store anteater
1/18/2022 13:57:14,all up hill,fight to be last,sports montage,death by leaf blower,badly explained climate change theory,pet store anteater
1/18/2022 13:58:34,following breadcrumbs,punch and drive,sports montage,poisoned guitar,raining dogs up and down,shopping weevil
1/18/2022 14:13:15,all up hill,fighting cars,ball playing triplets,poisoned guitar,australian sheep love drumsticks,mad grocery bagger
1/18/2022 14:26:35,following breadcrumbs,hostile takeover,sports montage,chainsaw massacre,raining dogs up and down,convicted croissant escapes supermarket
1/18/2022 14:29:00,walk of shame,hostile takeover,sports montage,death by leaf blower,badly explained climate change theory,convicted croissant escapes supermarket
1/18/2022 14:34:52,following breadcrumbs,fighting cars,ball playing triplets,man with gun,sad human internal organs,mad grocery bagger
1/18/2022 14:37:51,sad seed sower,fighting cars,ball playing triplets,chainsaw massacre,badly explained climate change theory,pet store anteater
1/18/2022 14:38:26,following breadcrumbs,hostile takeover,ball playing triplets,chainsaw massacre,badly explained climate change theory,pet store anteater
1/18/2022 14:50:03,following breadcrumbs,hostile takeover,sports montage,death by leaf blower,australian sheep love drumsticks,gone shopping for a zebra
1/18/2022 14:50:39,walk of shame,punch and drive,ball playing triplets,ted bundy's banjo,badly explained climate change theory,gone shopping for a zebra
1/18/2022 14:54:03,all up hill,fight to be last,sports montage,chainsaw massacre,badly explained climate change theory,shopping weevil
1/18/2022 15:08:42,all up hill,fighting cars,ball becomes child,poisoned guitar,badly explained climate change theory,pet store anteater
1/18/2022 15:10:36,following breadcrumbs,punch and drive,ball playing triplets,death by leaf blower,meat sweats,shopping weevil
1/18/2022 15:50:35,walk of shame,punch and drive,sports montage,ted bundy's banjo,badly explained climate change theory,gone shopping for a zebra
1/18/2022 15:58:40,all up hill,hostile takeover,learn japanese online,poisoned guitar,badly explained climate change theory,pet store anteater
1/18/2022 16:05:36,all up hill,punch and drive,sports montage,ted bundy's banjo,badly explained climate change theory,mad grocery bagger
1/18/2022 16:10:55,following breadcrumbs,punch and drive,sports montage,chainsaw massacre,badly explained climate change theory,pet store anteater
1/18/2022 16:11:00,all up hill,punch and drive,"whatever it is, i love it",ted bundy's banjo,badly explained climate change theory,pet store anteater
1/18/2022 16:59:24,following breadcrumbs,punch and drive,sports montage,death by leaf blower,badly explained climate change theory,gone shopping for a zebra
1/18/2022 17:43:25,following breadcrumbs,punch and drive,sports montage,chainsaw massacre,australian sheep love drumsticks,convicted croissant escapes supermarket
1/18/2022 17:55:18,following breadcrumbs,hostile takeover,learn japanese online,ted bundy's banjo,badly explained climate change theory,convicted croissant escapes supermarket
1/18/2022 17:56:18,all up hill,hostile takeover,sports montage,man with gun,badly explained climate change theory,convicted croissant escapes supermarket
1/18/2022 18:00:16,following breadcrumbs,punch and drive,sports montage,chainsaw massacre,badly explained climate change theory,pet store anteater
1/18/2022 18:02:08,walk of shame,punch and drive,"whatever it is, i love it",chainsaw massacre,badly explained climate change theory,gone shopping for a zebra
1/18/2022 18:14:34,walk of shame,hostile takeover,learn japanese online,death by leaf blower,badly explained climate change theory,shopping weevil
1/18/2022 18:14:52,following breadcrumbs,fighting cars,ball becomes child,poisoned guitar,badly explained climate change theory,gone shopping for a zebra
1/18/2022 18:17:33,sad seed sower,fight to be last,sports montage,death by leaf blower,meat sweats,gone shopping for a zebra
1/18/2022 18:18:39,sad seed sower,fight to be last,ball playing triplets,ted bundy's banjo,raining dogs up and down,mad grocery bagger
1/18/2022 18:28:13,following breadcrumbs,hostile takeover,sports montage,chainsaw massacre,badly explained climate change theory,mad grocery bagger
1/18/2022 18:30:29,all up hill,hostile takeover,sports montage,death by leaf blower,meat sweats,mad grocery bagger
1/18/2022 19:33:18,following breadcrumbs,hostile takeover,sports montage,chainsaw massacre,raining dogs up and down,gone shopping for a zebra
1/18/2022 20:13:27,following breadcrumbs,fight to be last,sports montage,poisoned guitar,australian sheep love drumsticks,shopping weevil
1/18/2022 20:41:45,following breadcrumbs,hostile takeover,sports montage,poisoned guitar,badly explained climate change theory,convicted croissant escapes supermarket
1/18/2022 20:59:50,all up hill,fighting cars,ball playing triplets,poisoned guitar,raining dogs up and down,shopping weevil
1/18/2022 21:05:21,following breadcrumbs,fight to be last,ball playing triplets,chainsaw massacre,badly explained climate change theory,shopping weevil
1/18/2022 21:41:16,all up hill,fight to be last,ball becomes child,chainsaw massacre,badly explained climate change theory,convicted croissant escapes supermarket
1/18/2022 22:12:10,walk of shame,punch and drive,ball playing triplets,chainsaw massacre,badly explained climate change theory,pet store anteater
1/18/2022 23:46:30,following breadcrumbs,fight to be last,sports montage,chainsaw massacre,raining dogs up and down,convicted croissant escapes supermarket
1/19/2022 1:57:42,sad seed sower,punch and drive,sports montage,poisoned guitar,australian sheep love drumsticks,convicted croissant escapes supermarket
1/19/2022 2:16:42,sad seed sower,punch and drive,sports montage,chainsaw massacre,badly explained climate change theory,mad grocery bagger
1/19/2022 2:27:13,following breadcrumbs,punch and drive,sports montage,death by leaf blower,badly explained climate change theory,pet store anteater
1/19/2022 2:45:28,sad seed sower,fighting cars,ball playing triplets,poisoned guitar,raining dogs up and down,gone shopping for a zebra
1/19/2022 3:19:24,sad seed sower,punch and drive,ball playing triplets,poisoned guitar,raining dogs up and down,pet store anteater
1/19/2022 3:35:28,sad seed sower,fighting cars,ball playing triplets,poisoned guitar,meat sweats,shopping weevil
1/19/2022 4:24:11,following breadcrumbs,punch and drive,ball playing triplets,death by leaf blower,raining dogs up and down,gone shopping for a zebra
1/19/2022 8:40:12,sad seed sower,fighting cars,sports montage,death by leaf blower,raining dogs up and down,gone shopping for a zebra
1/19/2022 9:03:47,all up hill,fight to be last,ball becomes child,chainsaw massacre,meat sweats,convicted croissant escapes supermarket
1/19/2022 9:08:39,following breadcrumbs,fighting cars,ball playing triplets,death by leaf blower,australian sheep love drumsticks,gone shopping for a zebra
1/19/2022 9:22:22,all up hill,fighting cars,ball becomes child,death by leaf blower,raining dogs up and down,shopping weevil
1/19/2022 9:58:31,sad seed sower,punch and drive,"whatever it is, i love it",ted bundy's banjo,australian sheep love drumsticks,pet store anteater
1/19/2022 10:05:26,following breadcrumbs,fighting cars,sports montage,chainsaw massacre,raining dogs up and down,pet store anteater
1/19/2022 10:50:27,sad seed sower,hostile takeover,ball becomes child,chainsaw massacre,raining dogs up and down,convicted croissant escapes supermarket
1/19/2022 12:05:19,following breadcrumbs,hostile takeover,sports montage,chainsaw massacre,badly explained climate change theory,convicted croissant escapes supermarket
1/19/2022 12:31:21,sad seed sower,fight to be last,ball becomes child,poisoned guitar,badly explained climate change theory,gone shopping for a zebra
1/19/2022 12:39:51,all up hill,punch and drive,sports montage,ted bundy's banjo,australian sheep love drumsticks,shopping weevil
1/19/2022 13:31:33,all up hill,punch and drive,"whatever it is, i love it",chainsaw massacre,badly explained climate change theory,pet store anteater
1/19/2022 14:29:35,all up hill,fighting cars,sports montage,chainsaw massacre,raining dogs up and down,mad grocery bagger
1/19/2022 15:26:59,sad seed sower,hostile takeover,sports montage,death by leaf blower,badly explained climate change theory,shopping weevil
1/19/2022 19:36:11,following breadcrumbs,hostile takeover,ball becomes child,chainsaw massacre,badly explained climate change theory,shopping weevil
1/19/2022 20:37:46,sad seed sower,fight to be last,ball becomes child,death by leaf blower,australian sheep love drumsticks,shopping weevil
1/19/2022 20:55:20,following breadcrumbs,fighting cars,sports montage,poisoned guitar,badly explained climate change theory,gone shopping for a zebra
1/19/2022 21:01:04,following breadcrumbs,hostile takeover,ball becomes child,death by leaf blower,badly explained climate change theory,gone shopping for a zebra
1/19/2022 21:05:22,following breadcrumbs,hostile takeover,ball playing triplets,poisoned guitar,raining dogs up and down,pet store anteater
1/19/2022 21:10:06,all up hill,hostile takeover,sports montage,chainsaw massacre,raining dogs up and down,shopping weevil
1/19/2022 22:45:13,following breadcrumbs,hostile takeover,"whatever it is, i love it",ted bundy's banjo,badly explained climate change theory,convicted croissant escapes supermarket
1/20/2022 1:00:38,following breadcrumbs,hostile takeover,sports montage,chainsaw massacre,badly explained climate change theory,gone shopping for a zebra
1/20/2022 2:37:14,following breadcrumbs,hostile takeover,sports montage,chainsaw massacre,raining dogs up and down,convicted croissant escapes supermarket
1/20/2022 7:10:59,following breadcrumbs,hostile takeover,sports montage,ted bundy's banjo,meat sweats,mad grocery bagger
1/20/2022 19:14:06,following breadcrumbs,hostile takeover,sports montage,chainsaw massacre,meat sweats,shopping weevil
1/21/2022 15:34:09,all up hill,fighting cars,sports montage,poisoned guitar,raining dogs up and down,pet store anteater
1/21/2022 15:52:35,following breadcrumbs,fighting cars,learn japanese online,death by leaf blower,badly explained climate change theory,mad grocery bagger
1/21/2022 16:02:59,sad seed sower,punch and drive,"whatever it is, i love it",death by leaf blower,australian sheep love drumsticks,pet store anteater
1/21/2022 19:11:06,walk of shame,fighting cars,ball playing triplets,poisoned guitar,badly explained climate change theory,pet store anteater
1/21/2022 19:18:14,all up hill,fighting cars,sports montage,death by leaf blower,badly explained climate change theory,gone shopping for a zebra
1/21/2022 19:21:49,following breadcrumbs,fighting cars,sports montage,chainsaw massacre,badly explained climate change theory,shopping weevil
1/21/2022 20:00:01,following breadcrumbs,hostile takeover,sports montage,chainsaw massacre,badly explained climate change theory,shopping weevil
1/21/2022 20:19:05,walk of shame,punch and drive,learn japanese online,death by leaf blower,raining dogs up and down,pet store anteater
1/21/2022 20:24:58,sad seed sower,fighting cars,sports montage,poisoned guitar,raining dogs up and down,pet store anteater
1/21/2022 20:28:11,following breadcrumbs,fighting cars,ball playing triplets,chainsaw massacre,badly explained climate change theory,mad grocery bagger
1/21/2022 21:17:16,sad seed sower,hostile takeover,ball playing triplets,death by leaf blower,meat sweats,pet store anteater
1/21/2022 21:41:43,all up hill,punch and drive,sports montage,poisoned guitar,badly explained climate change theory,shopping weevil
1/21/2022 23:14:59,sad seed sower,fighting cars,sports montage,chainsaw massacre,meat sweats,convicted croissant escapes supermarket
1/21/2022 23:48:26,all up hill,hostile takeover,ball playing triplets,death by leaf blower,raining dogs up and down,gone shopping for a zebra
1/22/2022 0:49:16,all up hill,fighting cars,ball becomes child,poisoned guitar,raining dogs up and down,convicted croissant escapes supermarket
1/22/2022 1:55:30,sad seed sower,fighting cars,ball playing triplets,chainsaw massacre,badly explained climate change theory,shopping weevil
1/22/2022 2:05:48,walk of shame,youth psychiatry,ball becomes child,poisoned guitar,raining dogs up and down,mad grocery bagger
1/22/2022 2:20:29,handheld tatoo machine,hostile takeover,sports montage,poisoned guitar,meat sweats,gone shopping for a zebra
1/22/2022 8:07:45,following breadcrumbs,fighting cars,ball playing triplets,chainsaw massacre,raining dogs up and down,gone shopping for a zebra
1/22/2022 10:48:47,all up hill,punch and drive,ball playing triplets,poisoned guitar,badly explained climate change theory,gone shopping for a zebra
1/22/2022 16:16:50,all up hill,punch and drive,"whatever it is, i love it",death by leaf blower,australian sheep love drumsticks,shopping weevil
1/22/2022 21:15:07,sad seed sower,fight to be last,sports montage,chainsaw massacre,raining dogs up and down,gone shopping for a zebra
1/23/2022 3:54:56,all up hill,hostile takeover,sports montage,chainsaw massacre,raining dogs up and down,gone shopping for a zebra
1/23/2022 9:24:37,following breadcrumbs,fighting cars,ball playing triplets,death by leaf blower,badly explained climate change theory,pet store anteater
1/23/2022 12:29:46,all up hill,punch and drive,ball playing triplets,poisoned guitar,australian sheep love drumsticks,shopping weevil
1/23/2022 16:39:32,all up hill,hostile takeover,sports montage,death by leaf blower,meat sweats,shopping weevil
1/23/2022 19:38:35,following breadcrumbs,hostile takeover,sports montage,death by leaf blower,badly explained climate change theory,shopping weevil
1/23/2022 20:07:33,following breadcrumbs,punch and drive,"whatever it is, i love it",chainsaw massacre,australian sheep love drumsticks,shopping weevil
1/23/2022 21:14:34,following breadcrumbs,punch and drive,sports montage,chainsaw massacre,raining dogs up and down,pet store anteater
1/24/2022 1:34:13,all up hill,fighting cars,"whatever it is, i love it",ted bundy's banjo,meat sweats,pet store anteater
1/24/2022 7:53:35,sad seed sower,fighting cars,"whatever it is, i love it",death by leaf blower,meat sweats,pet store anteater
